"First Name","Last Name"
"Ryan","Kelly"
"Hailey","Allen"
"Maddie","Wright"
"Jordan","Morgan"
"Lenny","Edwards"
"Tyler","Ellis"
"Rebecca","Brown"
"Catherine","Foster"
"Martin","Gibson"
"Alan","Spencer"
"Belinda","Casey"
"Aida","Allen"
"Robert","Warren"
"Nicole","Clark"
"Cherry","Armstrong"
"Lenny","Alexander"
"Ada","Morris"
"Nicholas","Scott"
"Edgar","Casey"
"Spike","Sullivan"
"Vivian","Casey"
"Stella","Armstrong"
"Tara","Murray"
"Rebecca","Murray"
"Leonardo","Hill"
"Jacob","Rogers"
"Victor","Stewart"
"Edwin","Cameron"
"Amber","Parker"
"Rubie","Wilson"
"Evelyn","Holmes"
"Myra","Cole"
"Madaline","Murphy"
"Marcus","Stewart"
"Alexia","Riley"
"Olivia","Brooks"
"Adrianna","Jones"
"Amy","Holmes"
"Cadie","Barnes"
"Miranda","Hawkins"
"Edgar","Holmes"
"Sarah","Cunningham"
"Aston","Higgins"
"Patrick","Edwards"
"Penelope","Andrews"
"Dexter","Crawford"
"Lenny","Parker"
"Thomas","Adams"
"David","Smith"
"Samantha","Alexander"
"Alissa","Wright"
"Fiona","Cameron"
"Oscar","Owens"
"Ellia","Richards"
"Abraham","Baker"
"John","Kelley"
"Fenton","Baker"
"Adele","Hall"
"Lyndon","Brown"
"Heather","Russell"
"Joyce","Hunt"
"Violet","Montgomery"
"Justin","Murray"
"Edgar","Barrett"
"James","Foster"
"Cherry","Davis"
"Grace","Watson"
"Oliver","Reed"
"Paul","Phillips"
"Carlos","Cameron"
"Jessica","Kelley"
"John","Anderson"
"Robert","Richards"
"Jared","Douglas"
"Martin","Rogers"
"Ryan","Moore"
"Camila","Wells"
"Spike","West"
"Derek","Kelley"
"James","Myers"
"Tony","Morgan"
"Kristian","Carroll"
"Valeria","Murphy"
"Edgar","Murphy"
"Rosie","Kelley"
"Adam","Brooks"
"Adelaide","West"
"Abraham","Smith"
"Carina","Watson"
"Tony","Kelly"
"Madaline","Kelly"
"Maria","Robinson"
"Lyndon","Russell"
"April","Reed"
"Violet","Ferguson"
"Richard","Morrison"
"Antony","Martin"
"Adam","Carter"
"Gianna","Lloyd"
"Michael","Robinson"
"Owen","Foster"
"Miranda","Moore"
"Kellan","Douglas"
"Kevin","Murray"
"Honey","Higgins"
"Melanie","Morgan"
"Adrianna","Myers"
"Kellan","Perkins"
"Lucy","Johnston"
"Chester","Cooper"
"Stuart","Casey"
"Sabrina","Williams"
"Annabella","Davis"
"John","Jones"
"Madaline","Wells"
"Emma","Roberts"
"Arianna","Russell"
"Adele","Mitchell"
"Lily","Carroll"
"Garry","Morris"
"Bruce","Evans"
"Nicole","Wright"
"Alen","Brooks"
"Frederick","Martin"
"Walter","Barrett"
"Eddy","Fowler"
"Tony","Kelley"
"Rafael","Gibson"
"Savana","Gibson"
"Adelaide","Holmes"
"William","Campbell"
"Connie","Armstrong"
"Sam","Kelley"
"Lydia","Henderson"
"Carlos","Mitchell"
"Roland","Anderson"
"Dominik","Phillips"
"Amy","Hall"
"Sam","Higgins"
"Freddie","Anderson"
"Darcy","Miller"
"Melanie","Brooks"
"Chelsea","Rogers"
"Heather","Roberts"
"Eric","Murray"
"Mary","Craig"
"Sarah","Grant"
"Ryan","Perry"
"Aiden","Cameron"
"Amber","Higgins"
"April","Andrews"
"Daniel","Kelly"
"Lana","Anderson"
"Fiona","Gray"
"Carlos","Walker"
"Brooke","Douglas"
"Elian","Hawkins"
"Patrick","Dixon"
"Aldus","Moore"
"Byron","Sullivan"
"Adele","Williams"
"Tyler","Chapman"
"April","Ryan"
"Jordan","Spencer"
"Dominik","Walker"
"Charlie","Gray"
"Arnold","Myers"
"Rosie","Elliott"
"Belinda","Elliott"
"Tyler","Adams"
"Steven","Richards"
"Adison","Wright"
"Violet","Watson"
"Patrick","Allen"
"Frederick","Morgan"
"Kate","Murray"
"Adrianna","Carroll"
"Steven","Russell"
"Brianna","Cameron"
"Heather","Ferguson"
"Albert","Morrison"
"Blake","Cunningham"
"Nicole","Tucker"
"Alford","Murphy"
"Dainton","West"
"Byron","Richardson"
"Eric","Grant"
"Penelope","Payne"
"Miller","Thompson"
"Victoria","Barrett"
"Tiana","Holmes"
"James","Adams"
"Nicole","Crawford"
"Cherry","Harris"
"Wilson","Miller"
"Stella","Andrews"
"Arthur","Foster"
"Ted","Jones"
"Ryan","Robinson"
"Sawyer","Henderson"
